{
    "mse": 0.852834650746502,
    "rmse": 0.9234904713891215,
    "mae": 0.7298755945717834,
    "r2": 0.14791212554040012
}